1,https://m.media-amazon.com/images/M/MV5BMDFkYTc0MGEtZmNhMC00ZDIzLWFmNTEtODM1ZmRlYWMwMWFmXkEyXkFqcGdeQXVyMTMxODk2OTU@.jpg,The Shawshank Redemption,9.2,1994,2068243,Frank Darabont,"['Tim Robbins', 'Morgan Freeman']"
2,https://m.media-amazon.com/images/M/MV5BM2MyNjYxNmUtYTAwNi00MTYxLWJmNWYtYzZlODY3ZTk3OTFlXkEyXkFqcGdeQXVyNzkwMjQ5NzM@.jpg,The Godfather,9.2,1972,1419043,Francis Ford Coppola,"['Marlon Brando', 'Al Pacino']"
3,https://m.media-amazon.com/images/M/MV5BMWMwMGQzZTItY2JlNC00OWZiLWIyMDctNDk2ZDQ2YjRjMWQ0XkEyXkFqcGdeQXVyNzkwMjQ5NzM@.jpg,The Godfather: Part II,9.0,1974,984601,Francis Ford Coppola,"['Al Pacino', 'Robert De Niro']"
4,https://m.media-amazon.com/images/M/MV5BMTMxNTMwODM0NF5BMl5BanBnXkFtZTcwODAyMTk2Mw@@.jpg,The Dark Knight,9.0,2008,2034245,Christopher Nolan,"['Christian Bale', 'Heath Ledger']"
5,https://m.media-amazon.com/images/M/MV5BMWU4N2FjNzYtNTVkNC00NzQ0LTg0MjAtYTJlMjFhNGUxZDFmXkEyXkFqcGdeQXVyNjc1NTYyMjg@.jpg,12 Angry Men,8.9,1957,583839,Sidney Lumet,"['Henry Fonda', 'Lee J. Cobb']"
6,https://m.media-amazon.com/images/M/MV5BNDE4OTMxMTctNmRhYy00NWE2LTg3YzItYTk3M2UwOTU5Njg4XkEyXkFqcGdeQXVyNjU0OTQ0OTY@.jpg,Schindler's List,8.9,1993,1071673,Steven Spielberg,"['Liam Neeson', 'Ralph Fiennes']"
7,https://m.media-amazon.com/images/M/MV5BNzA5ZDNlZWMtM2NhNS00NDJjLTk4NDItYTRmY2EwMWZlMTY3XkEyXkFqcGdeQXVyNzkwMjQ5NzM@.jpg,The Lord of the Rings: The Return of the King,8.9,2003,1472476,Peter Jackson,"['Elijah Wood', 'Viggo Mortensen']"
8,https://m.media-amazon.com/images/M/MV5BNGNhMDIzZTUtNTBlZi00MTRlLWFjM2ItYzViMjE3YzI5MjljXkEyXkFqcGdeQXVyNzkwMjQ5NzM@.jpg,Pulp Fiction,8.9,1994,1617192,Quentin Tarantino,"['John Travolta', 'Uma Thurman']"
9,https://m.media-amazon.com/images/M/MV5BOTQ5NDI3MTI4MF5BMl5BanBnXkFtZTgwNDQ4ODE5MDE@.jpg,"The Good, the Bad and the Ugly",8.8,1966,613838,Sergio Leone,"['Clint Eastwood', 'Eli Wallach']"
10,https://m.media-amazon.com/images/M/MV5BMjJmYTNkNmItYjYyZC00MGUxLWJhNWMtZDY4Nzc1MDAwMzU5XkEyXkFqcGdeQXVyNzkwMjQ5NzM@.jpg,Fight Club,8.8,1999,1655080,David Fincher,"['Brad Pitt', 'Edward Norton']"
11,https://m.media-amazon.com/images/M/MV5BN2EyZjM3NzUtNWUzMi00MTgxLWI0NTctMzY4M2VlOTdjZWRiXkEyXkFqcGdeQXVyNDUzOTQ5MjY@.jpg,The Lord of the Rings: The Fellowship of the Ring,8.8,2001,1489054,Peter Jackson,"['Elijah Wood', 'Ian McKellen']"
12,https://m.media-amazon.com/images/M/MV5BNWIwODRlZTUtY2U3ZS00Yzg1LWJhNzYtMmZiYmEyNmU1NjMzXkEyXkFqcGdeQXVyMTQxNzMzNDI@.jpg,Forrest Gump,8.7,1994,1585063,Robert Zemeckis,"['Tom Hanks', 'Robin Wright']"
13,https://m.media-amazon.com/images/M/MV5BYmU1NDRjNDgtMzhiMi00NjZmLTg5NGItZDNiZjU5NTU4OTE0XkEyXkFqcGdeQXVyNzkwMjQ5NzM@.jpg,Star Wars: Episode V - The Empire Strikes Back,8.7,1980,1037918,Irvin Kershner,"['Mark Hamill', 'Harrison Ford']"
14,https://m.media-amazon.com/images/M/MV5BMjAxMzY3NjcxNF5BMl5BanBnXkFtZTcwNTI5OTM0Mw@@.jpg,Inception,8.7,2010,1813156,Christopher Nolan,"['Leonardo DiCaprio', 'Joseph Gordon']"
15,https://m.media-amazon.com/images/M/MV5BNGE5MzIyNTAtNWFlMC00NDA2LWJiMjItMjc4Yjg1OWM5NzhhXkEyXkFqcGdeQXVyNzkwMjQ5NzM@.jpg,The Lord of the Rings: The Two Towers,8.7,2002,1331665,Peter Jackson,"['Elijah Wood', 'Ian McKellen']"
16,https://m.media-amazon.com/images/M/MV5BZjA0OWVhOTAtYWQxNi00YzNhLWI4ZjYtNjFjZTEyYjJlNDVlL2ltYWdlL2ltYWdlXkEyXkFqcGdeQXVyMTQxNzMzNDI@.jpg,One Flew Over the Cuckoo's Nest,8.7,1975,820571,Milos Forman,"['Jack Nicholson', 'Louise Fletcher']"
17,https://m.media-amazon.com/images/M/MV5BY2NkZjEzMDgtN2RjYy00YzM1LWI4ZmQtMjIwYjFjNmI3ZGEwXkEyXkFqcGdeQXVyNzkwMjQ5NzM@.jpg,Goodfellas,8.7,1990,892871,Martin Scorsese,"['Robert De Niro', 'Ray Liotta']"
18,https://m.media-amazon.com/images/M/MV5BNzQzOTk3OTAtNDQ0Zi00ZTVkLWI0MTEtMDllZjNkYzNjNTc4L2ltYWdlXkEyXkFqcGdeQXVyNjU0OTQ0OTY@.jpg,The Matrix,8.6,1999,1485644,Lana Wachowski,"['Keanu Reeves', 'Laurence Fishburne']"
19,https://m.media-amazon.com/images/M/MV5BN2RhYzQ2YTUtYzk0Yy00MTc2LThjNDQtNGVkMDkzNzZiYjVhXkEyXkFqcGdeQXVyMTMxODk2OTU@.jpg,Seven Samurai,8.6,1954,279427,Akira Kurosawa,['Takashi Shimura']
20,https://m.media-amazon.com/images/M/MV5BOTUwODM5MTctZjczMi00OTk4LTg3NWUtNmVhMTAzNTNjYjcyXkEyXkFqcGdeQXVyNjU0OTQ0OTY@.jpg,Se7en,8.6,1995,1268398,David Fincher,"['Morgan Freeman', 'Brad Pitt']"
21,https://m.media-amazon.com/images/M/MV5BMGU5OWEwZDItNmNkMC00NzZmLTk1YTctNzVhZTJjM2NlZTVmXkEyXkFqcGdeQXVyMTMxODk2OTU@.jpg,City of God,8.6,2002,636604,Fernando Meirelles,"['Alexandre Rodrigues', 'Leandro Firmino']"
22,https://m.media-amazon.com/images/M/MV5BNzVlY2MwMjktM2E4OS00Y2Y3LWE3ZjctYzhkZGM3YzA1ZWM2XkEyXkFqcGdeQXVyNzkwMjQ5NzM@.jpg,Star Wars: Episode IV - A New Hope,8.6,1977,1107610,George Lucas,"['Mark Hamill', 'Harrison Ford']"
23,https://m.media-amazon.com/images/M/MV5BNjNhZTk0ZmEtNjJhMi00YzFlLWE1MmEtYzM1M2ZmMGMwMTU4XkEyXkFqcGdeQXVyNjU0OTQ0OTY@.jpg,The Silence of the Lambs,8.6,1991,1115943,Jonathan Demme,"['Jodie Foster', 'Anthony Hopkins']"
24,https://m.media-amazon.com/images/M/MV5BZjc4NDZhZWMtNGEzYS00ZWU2LThlM2ItNTA0YzQ0OTExMTE2XkEyXkFqcGdeQXVyNjUwMzI2NzU@.jpg,It's a Wonderful Life,8.6,1946,352057,Frank Capra,"['James Stewart', 'Donna Reed']"
25,https://m.media-amazon.com/images/M/MV5BYmJmM2Q4NmMtYThmNC00ZjRlLWEyZmItZTIwOTBlZDQ3NTQ1XkEyXkFqcGdeQXVyMTQxNzMzNDI@.jpg,Life Is Beautiful,8.6,1997,543849,Roberto Benigni,"['Roberto Benigni', 'Nicoletta Braschi']"
26,https://m.media-amazon.com/images/M/MV5BOGJjNzZmMmUtMjljNC00ZjU5LWJiODQtZmEzZTU0MjBlNzgxL2ltYWdlXkEyXkFqcGdeQXVyNTAyODkwOQ@@.jpg,Spirited Away,8.5,2001,547874,Hayao Miyazaki,"['Daveigh Chase', 'Suzanne Pleshette']"
27,https://m.media-amazon.com/images/M/MV5BZjhkMDM4MWItZTVjOC00ZDRhLThmYTAtM2I5NzBmNmNlMzI1XkEyXkFqcGdeQXVyNDYyMDk5MTU@.jpg,Saving Private Ryan,8.5,1998,1093625,Steven Spielberg,"['Tom Hanks', 'Matt Damon']"
28,https://m.media-amazon.com/images/M/MV5BYTViNjMyNmUtNDFkNC00ZDRlLThmMDUtZDU2YWE4NGI2ZjVmXkEyXkFqcGdeQXVyNjU0OTQ0OTY@.jpg,The Usual Suspects,8.5,1995,895804,Bryan Singer,"['Kevin Spacey', 'Gabriel Byrne']"
29,https://m.media-amazon.com/images/M/MV5BZDAwYTlhMDEtNTg0OS00NDY2LWJjOWItNWY3YTZkM2UxYzUzXkEyXkFqcGdeQXVyNTA4NzY1MzY@.jpg,Léon: The Professional,8.5,1994,911032,Luc Besson,"['Jean Reno', 'Gary Oldman']"
30,https://m.media-amazon.com/images/M/MV5BMTUxMzQyNjA5MF5BMl5BanBnXkFtZTYwOTU2NTY3.jpg,The Green Mile,8.5,1999,998157,Frank Darabont,"['Tom Hanks', 'Michael Clarke Duncan']"
31,https://m.media-amazon.com/images/M/MV5BZjdkOTU3MDktN2IxOS00OGEyLWFmMjktY2FiMmZkNWIyODZiXkEyXkFqcGdeQXVyMTMxODk2OTU@.jpg,Interstellar,8.5,2014,1272794,Christopher Nolan,"['Matthew McConaughey', 'Anne Hathaway']"
32,https://m.media-amazon.com/images/M/MV5BNTQwNDM1YzItNDAxZC00NWY2LTk0M2UtNDIwNWI5OGUyNWUxXkEyXkFqcGdeQXVyNzkwMjQ5NzM@.jpg,Psycho,8.5,1960,529463,Alfred Hitchcock,"['Anthony Perkins', 'Janet Leigh']"
33,https://m.media-amazon.com/images/M/MV5BZjA0MTM4MTQtNzY5MC00NzY3LWI1ZTgtYzcxMjkyMzU4MDZiXkEyXkFqcGdeQXVyNDYyMDk5MTU@.jpg,American History X,8.5,1998,940116,Tony Kaye,"['Edward Norton', 'Edward Furlong']"
34,https://m.media-amazon.com/images/M/MV5BY2I4MmM1N2EtM2YzOS00OWUzLTkzYzctNDc5NDg2N2IyODJmXkEyXkFqcGdeQXVyNzkwMjQ5NzM@.jpg,City Lights,8.5,1931,143939,Charles Chaplin,"['Charles Chaplin', 'Virginia Cherrill']"
35,https://m.media-amazon.com/images/M/MV5BY2IzZGY2YmEtYzljNS00NTM5LTgwMzUtMzM1NjQ4NGI0OTk0XkEyXkFqcGdeQXVyNDYyMDk5MTU@.jpg,Casablanca,8.5,1942,470274,Michael Curtiz,"['Humphrey Bogart', 'Ingrid Bergman']"
36,https://m.media-amazon.com/images/M/MV5BZGI5MjBmYzYtMzJhZi00NGI1LTk3MzItYjBjMzcxM2U3MDdiXkEyXkFqcGdeQXVyNzkwMjQ5NzM@.jpg,Once Upon a Time in the West,8.5,1968,267559,Sergio Leone,"['Henry Fonda', 'Charles Bronson']"
37,https://m.media-amazon.com/images/M/MV5BOWRiZDIxZjktMTA1NC00MDQ2LWEzMjUtMTliZmY3NjQ3ODJiXkEyXkFqcGdeQXVyNjU0OTQ0OTY@.jpg,The Pianist,8.5,2002,631836,Roman Polanski,"['Adrien Brody', 'Thomas Kretschmann']"
38,https://m.media-amazon.com/images/M/MV5BYjJiZjMzYzktNjU0NS00OTkxLWEwYzItYzdhYWJjN2QzMTRlL2ltYWdlL2ltYWdlXkEyXkFqcGdeQXVyNjU0OTQ0OTY@.jpg,Modern Times,8.5,1936,186783,Charles Chaplin,"['Charles Chaplin', 'Paulette Goddard']"
39,https://m.media-amazon.com/images/M/MV5BMTYxNDA3MDQwNl5BMl5BanBnXkFtZTcwNTU4Mzc1Nw@@.jpg,The Intouchables,8.5,2011,664466,Olivier Nakache,"['ois Cluzet', 'Omar Sy']"
40,https://m.media-amazon.com/images/M/MV5BMTI1MTY2OTIxNV5BMl5BanBnXkFtZTYwNjQ4NjY3.jpg,The Departed,8.5,2006,1061963,Martin Scorsese,"['Leonardo DiCaprio', 'Matt Damon']"
41,https://m.media-amazon.com/images/M/MV5BZmU0M2Y1OGUtZjIxNi00ZjBkLTg1MjgtOWIyNThiZWIwYjRiXkEyXkFqcGdeQXVyMTQxNzMzNDI@.jpg,Back to the Future,8.5,1985,920725,Robert Zemeckis,"['Michael J. Fox', 'Christopher Lloyd']"
42,https://m.media-amazon.com/images/M/MV5BMGU2NzRmZjUtOGUxYS00ZjdjLWEwZWItY2NlM2JhNjkxNTFmXkEyXkFqcGdeQXVyNjU0OTQ0OTY@.jpg,Terminator 2: Judgment Day,8.5,1991,895769,James Cameron,"['Arnold Schwarzenegger', 'Linda Hamilton']"
43,https://m.media-amazon.com/images/M/MV5BOTA5NDZlZGUtMjAxOS00YTRkLTkwYmMtYWQ0NWEwZDZiNjEzXkEyXkFqcGdeQXVyMTMxODk2OTU@.jpg,Whiplash,8.5,2014,603339,Damien Chazelle,"['Miles Teller', 'K. Simmons']"
44,https://m.media-amazon.com/images/M/MV5BNGUxYWM3M2MtMGM3Mi00ZmRiLWE0NGQtZjE5ODI2OTJhNTU0XkEyXkFqcGdeQXVyMTQxNzMzNDI@.jpg,Rear Window,8.5,1954,393244,Alfred Hitchcock,"['James Stewart', 'Grace Kelly']"
45,https://m.media-amazon.com/images/M/MV5BYTYxNGMyZTYtMjE3MS00MzNjLWFjNmYtMDk3N2FmM2JiM2M1XkEyXkFqcGdeQXVyNjY5NDU4NzI@.jpg,The Lion King,8.5,1994,821024,Roger Allers,"['Matthew Broderick', 'Jeremy Irons']"
46,https://m.media-amazon.com/images/M/MV5BMjMwNDkxMTgzOF5BMl5BanBnXkFtZTgwNTkwNTQ3NjM@.jpg,Spider-Man: Into the Spider-Verse,8.5,2018,162337,Bob Persichetti,"['Shameik Moore', 'Jake Johnson']"
47,https://m.media-amazon.com/images/M/MV5BMjA0ODEzMTc1Nl5BMl5BanBnXkFtZTcwODM2MjAxNA@@.jpg,Raiders of the Lost Ark,8.5,1981,801331,Steven Spielberg,"['Harrison Ford', 'Karen Allen']"
48,https://m.media-amazon.com/images/M/MV5BMDliMmNhNDEtODUyOS00MjNlLTgxODEtN2U3NzIxMGVkZTA1L2ltYWdlXkEyXkFqcGdeQXVyNjU0OTQ0OTY@.jpg,Gladiator,8.5,2000,1195682,Ridley Scott,"['Russell Crowe', 'Joaquin Phoenix']"
49,https://m.media-amazon.com/images/M/MV5BMjA4NDI0MTIxNF5BMl5BanBnXkFtZTYwNTM0MzY2.jpg,The Prestige,8.5,2006,1050664,Christopher Nolan,"['Christian Bale', 'Hugh Jackman']"
50,https://m.media-amazon.com/images/M/MV5BZTNkZmU0ZWQtZjQzMy00YTNmLWFmN2MtZGNkMmU1OThmMGYwXkEyXkFqcGdeQXVyNzkwMjQ5NzM@.jpg,Apocalypse Now,8.4,1979,541173,Francis Ford Coppola,"['Martin Sheen', 'Marlon Brando']"
51,https://m.media-amazon.com/images/M/MV5BZTcyNjk1MjgtOWI3Mi00YzQwLWI5MTktMzY4ZmI2NDAyNzYzXkEyXkFqcGdeQXVyNjU0OTQ0OTY@.jpg,Memento,8.4,2000,1019660,Christopher Nolan,"['Guy Pearce', 'Anne Moss']"
52,https://m.media-amazon.com/images/M/MV5BMmQ2MmU3NzktZjAxOC00ZDZhLTk4YzEtMDMyMzcxY2IwMDAyXkEyXkFqcGdeQXVyNzkwMjQ5NzM@.jpg,Alien,8.4,1979,703876,Ridley Scott,"['Sigourney Weaver', 'Tom Skerritt']"
53,https://m.media-amazon.com/images/M/MV5BZmY2NjUzNDQtNTgxNC00M2Q4LTljOWQtMjNjNDBjNWUxNmJlXkEyXkFqcGdeQXVyNTA4NzY1MzY@.jpg,Grave of the Fireflies,8.4,1988,192006,Isao Takahata,"['Tsutomu Tatsumi', 'Ayano Shiraishi']"
54,https://m.media-amazon.com/images/M/MV5BM2FhYjEyYmYtMDI1Yy00YTdlLWI2NWQtYmEzNzAxOGY1NjY2XkEyXkFqcGdeQXVyNTA3NTIyNDg@.jpg,Cinema Paradiso,8.4,1988,197852,Giuseppe Tornatore,"['Philippe Noiret', 'Enzo Cannavale']"
55,https://m.media-amazon.com/images/M/MV5BMmExYWJjNTktNGUyZS00ODhmLTkxYzAtNWIzOGEyMGNiMmUwXkEyXkFqcGdeQXVyNjU0OTQ0OTY@.jpg,The Great Dictator,8.4,1940,177293,Charles Chaplin,"['Charles Chaplin', 'Paulette Goddard']"
56,https://m.media-amazon.com/images/M/MV5BMTU0NTkyNzYwMF5BMl5BanBnXkFtZTgwMDU0NDk5MTI@.jpg,Sunset Blvd.,8.4,1950,176247,Billy Wilder,"['William Holden', 'Gloria Swanson']"
57,https://m.media-amazon.com/images/M/MV5BNDUzNjYwNDYyNl5BMl5BanBnXkFtZTcwNjU3ODQ0MQ@@.jpg,The Lives of Others,8.4,2006,318436,Florian Henckel von,['Martina Gedeck']
58,https://m.media-amazon.com/images/M/MV5BZWI3ZTMxNjctMjdlNS00NmUwLWFiM2YtZDUyY2I3N2MxYTE0XkEyXkFqcGdeQXVyNzkwMjQ5NzM@.jpg,Dr. Strangelove or: How I Learned to Stop Worrying and Love the Bomb,8.4,1964,410052,Stanley Kubrick,"['Peter Sellers', 'George C. Scott']"
59,https://m.media-amazon.com/images/M/MV5BNjViMmRkOTEtM2ViOS00ODg0LWJhYWEtNTBlOGQxNDczOGY3XkEyXkFqcGdeQXVyMDI2NDg0NQ@@.jpg,Paths of Glory,8.4,1957,153509,Stanley Kubrick,"['Kirk Douglas', 'Ralph Meeker']"
60,https://m.media-amazon.com/images/M/MV5BMjMxNjY2MDU1OV5BMl5BanBnXkFtZTgwNzY1MTUwNTM@.jpg,Avengers: Infinity War,8.4,2018,610348,Anthony Russo,"['Robert Downey Jr', 'Chris Hemsworth']"
61,https://m.media-amazon.com/images/M/MV5BZWFlYmY2MGEtZjVkYS00YzU4LTg0YjQtYzY1ZGE3NTA5NGQxXkEyXkFqcGdeQXVyMTQxNzMzNDI@.jpg,The Shining,8.4,1980,769197,Stanley Kubrick,"['Jack Nicholson', 'Shelley Duvall']"
62,https://m.media-amazon.com/images/M/MV5BMjIyNTQ5NjQ1OV5BMl5BanBnXkFtZTcwODg1MDU4OA@@.jpg,Django Unchained,8.4,2012,1193351,Quentin Tarantino,"['Jamie Foxx', 'Christoph Waltz']"
63,https://m.media-amazon.com/images/M/MV5BMjExMTg5OTU0NF5BMl5BanBnXkFtZTcwMjMxMzMzMw@@.jpg,WALL·E,8.4,2008,893368,Andrew Stanton,"['Ben Burtt', 'Elissa Knight']"
64,https://m.media-amazon.com/images/M/MV5BMTVlNWM4NTAtNDQxYi00YWU5LWIwM2MtZmVjYWFmODZiODE5XkEyXkFqcGdeQXVyNjU0OTQ0OTY@.jpg,Princess Mononoke,8.4,1997,289428,Hayao Miyazaki,"['ji Matsuda', 'Yuriko Ishida']"
65,https://m.media-amazon.com/images/M/MV5BZjEwMmE5MzYtYWExYy00ZjEzLTk4MjUtMmJmNzgxY2MxN2U1XkEyXkFqcGdeQXVyMTg2NTc4MzA@.jpg,Witness for the Prosecution,8.4,1957,89699,Billy Wilder,"['Tyrone Power', 'Marlene Dietrich']"
66,https://m.media-amazon.com/images/M/MV5BMTI3NTQyMzU5M15BMl5BanBnXkFtZTcwMTM2MjgyMQ@@.jpg,Oldeuboi,8.3,2003,451922,wook Park,"['sik Choi', 'tae Yu']"
67,https://m.media-amazon.com/images/M/MV5BMTk4ODQzNDY3Ml5BMl5BanBnXkFtZTcwODA0NTM4Nw@@.jpg,The Dark Knight Rises,8.3,2012,1369779,Christopher Nolan,"['Christian Bale', 'Tom Hardy']"
68,https://m.media-amazon.com/images/M/MV5BZGU2OGY5ZTYtMWNhYy00NjZiLWI0NjUtZmNhY2JhNDRmODU3XkEyXkFqcGdeQXVyNzkwMjQ5NzM@.jpg,Aliens,8.3,1986,593337,James Cameron,"['Sigourney Weaver', 'Michael Biehn']"
69,https://m.media-amazon.com/images/M/MV5BNTBmZWJkNjctNDhiNC00MGE2LWEwOTctZTk5OGVhMWMyNmVhXkEyXkFqcGdeQXVyMTMxODk2OTU@.jpg,American Beauty,8.3,1999,980225,Sam Mendes,"['Kevin Spacey', 'Annette Bening']"
70,https://m.media-amazon.com/images/M/MV5BMGFkNWI4MTMtNGQ0OC00MWVmLTk3MTktOGYxN2Y2YWVkZWE2XkEyXkFqcGdeQXVyNjU0OTQ0OTY@.jpg,Once Upon a Time in America,8.3,1984,273082,Sergio Leone,"['Robert De Niro', 'James Woods']"
71,https://m.media-amazon.com/images/M/MV5BYjQ5NjM0Y2YtNjZkNC00ZDhkLWJjMWItN2QyNzFkMDE3ZjAxXkEyXkFqcGdeQXVyODIxMzk5NjA@.jpg,Coco,8.3,2017,264037,Lee Unkrich,"['Anthony Gonzalez', 'Gael Garc', 'a Bernal']"
72,https://m.media-amazon.com/images/M/MV5BNGRmOWY0MGUtNTVhMy00NzRlLTljNDAtNTBiNTRlODgxNmY2XkEyXkFqcGdeQXVyNjc1NTYyMjg@.jpg,Das Boot,8.3,1981,206513,Wolfgang Petersen,"['rgen Prochnow', 'Herbert Gr']"
73,https://m.media-amazon.com/images/M/MV5BYjBiOTYxZWItMzdiZi00NjlkLWIzZTYtYmFhZjhiMTljOTdkXkEyXkFqcGdeQXVyNzkwMjQ5NzM@.jpg,Citizen Kane,8.3,1941,359191,Orson Welles,"['Orson Welles', 'Joseph Cotten']"
74,https://m.media-amazon.com/images/M/MV5BMzkzMmU0YTYtOWM3My00YzBmLWI0YzctOGYyNTkwMWE5MTJkXkEyXkFqcGdeQXVyNzkwMjQ5NzM@.jpg,Braveheart,8.3,1995,882262,Mel Gibson,"['Mel Gibson', 'Sophie Marceau']"
75,https://m.media-amazon.com/images/M/MV5BYTE4ODEwZDUtNDFjOC00NjAxLWEzYTQtYTI1NGVmZmFlNjdiL2ltYWdlL2ltYWdlXkEyXkFqcGdeQXVyNjc1NTYyMjg@.jpg,Vertigo,8.3,1958,315676,Alfred Hitchcock,"['James Stewart', 'Kim Novak']"
76,https://m.media-amazon.com/images/M/MV5BZDA3NDExMTUtMDlhOC00MmQ5LWExZGUtYmI1NGVlZWI4OWNiXkEyXkFqcGdeQXVyNjc1NTYyMjg@.jpg,North by Northwest,8.3,1959,268117,Alfred Hitchcock,"['Cary Grant', 'Eva Marie Saint']"
77,https://m.media-amazon.com/images/M/MV5BZmExNmEwYWItYmQzOS00YjA5LTk2MjktZjEyZDE1Y2QxNjA1XkEyXkFqcGdeQXVyMTQxNzMzNDI@.jpg,Reservoir Dogs,8.3,1992,811998,Quentin Tarantino,"['Harvey Keitel', 'Tim Roth']"
78,https://m.media-amazon.com/images/M/MV5BOWZlMjFiYzgtMTUzNC00Y2IzLTk1NTMtZmNhMTczNTk0ODk1XkEyXkFqcGdeQXVyNTAyODkwOQ@@.jpg,Star Wars: Episode VI - Return of the Jedi,8.3,1983,850555,Richard Marquand,"['Mark Hamill', 'Harrison Ford']"
79,https://m.media-amazon.com/images/M/MV5BODRmZDVmNzUtZDA4ZC00NjhkLWI2M2UtN2M0ZDIzNDcxYThjL2ltYWdlXkEyXkFqcGdeQXVyNTk0MzMzODA@.jpg,Your Name.,8.3,2016,127408,Makoto Shinkai,"['nosuke Kamiki', 'Mone Kamishiraishi']"
80,https://m.media-amazon.com/images/M/MV5BODA4ODk3OTEzMF5BMl5BanBnXkFtZTgwMTQ2ODMwMzE@.jpg,M,8.3,1931,125388,Fritz Lang,"['Peter Lorre', 'Ellen Widmann']"
81,https://m.media-amazon.com/images/M/MV5BNWJlNzUzNGMtYTAwMS00ZjI2LWFmNWQtODcxNWUxODA5YmU1XkEyXkFqcGdeQXVyNTIzOTk5ODM@.jpg,Amadeus,8.3,1984,332413,Milos Forman,"['F. Murray Abraham', 'Tom Hulce']"
82,https://m.media-amazon.com/images/M/MV5BOTdiNzJlOWUtNWMwNS00NmFlLWI0YTEtZmI3YjIzZWUyY2Y3XkEyXkFqcGdeQXVyNjU0OTQ0OTY@.jpg,Requiem for a Dream,8.3,2000,692102,Darren Aronofsky,"['Ellen Burstyn', 'Jared Leto']"
83,https://m.media-amazon.com/images/M/MV5BMTQ4MzQzMzM2Nl5BMl5BanBnXkFtZTgwMTQ1NzU3MDI@.jpg,Dangal,8.3,2016,117704,Nitesh Tiwari,"['Aamir Khan', 'Sakshi Tanwar']"
84,https://m.media-amazon.com/images/M/MV5BNTkyOGVjMGEtNmQzZi00NzFlLTlhOWQtODYyMDc2ZGJmYzFhXkEyXkFqcGdeQXVyNjU0OTQ0OTY@.jpg,3 Idiots,8.3,2009,294474,Rajkumar Hirani,['Aamir Khan']
85,https://m.media-amazon.com/images/M/MV5BNTVmYTk2NjAtYzY3MS00YjFjLTlkYzktYzg3YzMyZDQyOWRiXkEyXkFqcGdeQXVyNjQ2MjQ5NzM@.jpg,Taare Zameen Par,8.3,2007,138021,Aamir Khan,"['Darsheel Safary', 'Aamir Khan']"
86,https://m.media-amazon.com/images/M/MV5BMmNlYzRiNDctZWNhMi00MzI4LThkZTctMTUzMmZkMmFmNThmXkEyXkFqcGdeQXVyNzkwMjQ5NzM@.jpg,2001: A Space Odyssey,8.3,1968,534540,Stanley Kubrick,"['Keir Dullea', 'Gary Lockwood']"
87,https://m.media-amazon.com/images/M/MV5BMTY4NzcwODg3Nl5BMl5BanBnXkFtZTcwNTEwOTMyMw@@.jpg,Eternal Sunshine of the Spotless Mind,8.3,2004,814919,Michel Gondry,"['Jim Carrey', 'Kate Winslet']"
88,https://m.media-amazon.com/images/M/MV5BYWY5ZjhjNGYtZmI2Ny00ODM0LWFkNzgtZmI1YzA2N2MxMzA0XkEyXkFqcGdeQXVyNjUwNzk3NDc@.jpg,Lawrence of Arabia,8.3,1962,238682,David Lean,['Alec Guinness']
89,https://m.media-amazon.com/images/M/MV5BMDU2ZWJlMjktMTRhMy00ZTA5LWEzNDgtYmNmZTEwZTViZWJkXkEyXkFqcGdeQXVyNDQ2OTk4MzI@.jpg,Toy Story,8.3,1995,780565,John Lasseter,"['Tom Hanks', 'Tim Allen']"
90,https://m.media-amazon.com/images/M/MV5BMTY3MjM1Mzc4N15BMl5BanBnXkFtZTgwODM0NzAxMDE@.jpg,A Clockwork Orange,8.3,1971,680167,Stanley Kubrick,"['Malcolm McDowell', 'Patrick Magee']"
91,https://m.media-amazon.com/images/M/MV5BNDg4NjM1YjMtYmNhZC00MjM0LWFiZmYtNGY1YjA3MzZmODc5XkEyXkFqcGdeQXVyNDk3NzU2MTQ@.jpg,Amélie,8.3,2001,644839,Pierre Jeunet,"['Audrey Tautou', 'Mathieu Kassovitz']"
92,https://m.media-amazon.com/images/M/MV5BOGZiZjFiMWItN2NkZC00MjEwLTk4YzEtNTMwOTlmOGM3ZGJkXkEyXkFqcGdeQXVyMzAxNjg3MjQ@.jpg,Double Indemnity,8.3,1944,125467,Billy Wilder,"['Fred MacMurray', 'Barbara Stanwyck']"
93,https://m.media-amazon.com/images/M/MV5BMWUyNjQ5MTAtNDJhYS00MWQ0LTk2ZTAtZmE4MWNlMjMwMzg3XkEyXkFqcGdeQXVyNTA4NzY1MzY@.jpg,Singin' in the Rain,8.3,1952,193442,Stanley Donen,['Gene Kelly']
94,https://m.media-amazon.com/images/M/MV5BM2M1MmVhNDgtNmI0YS00ZDNmLTkyNjctNTJiYTQ2N2NmYzc2XkEyXkFqcGdeQXVyNzkwMjQ5NzM@.jpg,Taxi Driver,8.3,1976,627790,Martin Scorsese,"['Robert De Niro', 'Jodie Foster']"
95,https://m.media-amazon.com/images/M/MV5BOTJiNDEzOWYtMTVjOC00ZjlmLWE0NGMtZmE1OWVmZDQ2OWJhXkEyXkFqcGdeQXVyNTIzOTk5ODM@.jpg,Inglourious Basterds,8.3,2009,1103548,Quentin Tarantino,"['Brad Pitt', 'Diane Kruger']"
96,https://m.media-amazon.com/images/M/MV5BNzkxODk0NjEtYjc4Mi00ZDI0LTgyYjEtYzc1NDkxY2YzYTgyXkEyXkFqcGdeQXVyNzkwMjQ5NzM@.jpg,Full Metal Jacket,8.3,1987,601042,Stanley Kubrick,"['Matthew Modine', 'R. Lee Ermey']"
97,https://m.media-amazon.com/images/M/MV5BNmI1ODdjODctMDlmMC00ZWViLWI5MzYtYzRhNDdjYmM3MzFjXkEyXkFqcGdeQXVyMTMxODk2OTU@.jpg,Bicycle Thieves,8.3,1948,124567,Vittorio De Sica,"['Lamberto Maggiorani', 'Enzo Staiola']"
98,https://m.media-amazon.com/images/M/MV5BNmVmYzcwNzMtMWM1NS00MWIyLThlMDEtYzUwZDgzODE1NmE2XkEyXkFqcGdeQXVyNzkwMjQ5NzM@.jpg,To Kill a Mockingbird,8.3,1962,268355,Robert Mulligan,"['Gregory Peck', 'John Megna']"
99,https://m.media-amazon.com/images/M/MV5BZjhhMThhNDItNTY2MC00MmU1LTliNDEtNDdhZjdlNTY5ZDQ1XkEyXkFqcGdeQXVyNjc1NTYyMjg@.jpg,The Kid,8.3,1921,94452,Charles Chaplin,"['Charles Chaplin', 'Edna Purviance']"
100,https://m.media-amazon.com/images/M/MV5BOTI0MzcxMTYtZDVkMy00NjY1LTgyMTYtZmUxN2M3NmQ2NWJhXkEyXkFqcGdeQXVyMTQxNzMzNDI@.jpg,Good Will Hunting,8.3,1997,756235,Gus Van Sant,"['Robin Williams', 'Matt Damon']"
101,https://m.media-amazon.com/images/M/MV5BZWNmODRmOTAtYTJhYi00NjllLTg3MTktNTBmZDZiNjJjZWVjXkEyXkFqcGdeQXVyNTc1NTQxODI@.jpg,The Sting,8.3,1973,216613,George Roy Hill,"['Paul Newman', 'Robert Redford']"
102,https://m.media-amazon.com/images/M/MV5BMTgxOTY4Mjc0MF5BMl5BanBnXkFtZTcwNTA4MDQyMw@@.jpg,Toy Story 3,8.3,2010,671785,Lee Unkrich,"['Tom Hanks', 'Tim Allen']"
103,https://m.media-amazon.com/images/M/MV5BMTg2NDg3ODg4NF5BMl5BanBnXkFtZTcwNzk3NTc3Nw@@.jpg,The Hunt,8.3,2012,237276,Thomas Vinterberg,"['Mads Mikkelsen', 'Thomas Bo Larsen']"
104,https://m.media-amazon.com/images/M/MV5BMTA2NDYxOGYtYjU1Mi00Y2QzLTgxMTQtMWI1MGI0ZGQ5MmU4XkEyXkFqcGdeQXVyNDk3NzU2MTQ@.jpg,Snatch,8.3,2000,710465,Guy Ritchie,"['Jason Statham', 'Brad Pitt']"
105,https://m.media-amazon.com/images/M/MV5BNjdjNGQ4NDEtNTEwYS00MTgxLTliYzQtYzE2ZDRiZjFhZmNlXkEyXkFqcGdeQXVyNjU0OTQ0OTY@.jpg,Scarface,8.2,1983,655824,Brian De Palma,"['Al Pacino', 'Michelle Pfeiffer']"
106,https://m.media-amazon.com/images/M/MV5BNWM1NmYyM2ItMTFhNy00NDU0LThlYWUtYjQyYTJmOTY0ZmM0XkEyXkFqcGdeQXVyNjU0OTQ0OTY@.jpg,For a Few Dollars More,8.2,1965,202274,Sergio Leone,"['Clint Eastwood', 'Lee Van Cleef']"
107,https://m.media-amazon.com/images/M/MV5BNzkwODFjNzItMmMwNi00MTU5LWE2MzktM2M4ZDczZGM1MmViXkEyXkFqcGdeQXVyNDY2MTk1ODk@.jpg,The Apartment,8.2,1960,141187,Billy Wilder,"['Jack Lemmon', 'Shirley MacLaine']"
108,https://m.media-amazon.com/images/M/MV5BN2IyNTE4YzUtZWU0Mi00MGIwLTgyMmQtMzQ4YzQxYWNlYWE2XkEyXkFqcGdeQXVyNjU0OTQ0OTY@.jpg,Monty Python and the Holy Grail,8.2,1975,455890,Terry Gilliam,"['Graham Chapman', 'John Cleese']"
109,https://m.media-amazon.com/images/M/MV5BMTg5YWIyMWUtZDY5My00Zjc1LTljOTctYmI0MWRmY2M2NmRkXkEyXkFqcGdeQXVyMTMxODk2OTU@.jpg,Metropolis,8.2,1927,141085,Fritz Lang,"['Brigitte Helm', 'Alfred Abel']"
110,https://m.media-amazon.com/images/M/MV5BMDQ2YzEyZGItYWRhOS00MjBmLTkzMDUtMTdjYzkyMmQxZTJlXkEyXkFqcGdeQXVyNjU0OTQ0OTY@.jpg,L.A. Confidential,8.2,1997,488400,Curtis Hanson,"['Kevin Spacey', 'Russell Crowe']"
111,https://m.media-amazon.com/images/M/MV5BMTYzMzU4NDUwOF5BMl5BanBnXkFtZTcwMTM5MjA5Ng@@.jpg,A Separation,8.2,2011,192986,Asghar Farhadi,"['Payman Maadi', 'Leila Hatami']"
112,https://m.media-amazon.com/images/M/MV5BMjNkMzc2N2QtNjVlNS00ZTk5LTg0MTgtODY2MDAwNTMwZjBjXkEyXkFqcGdeQXVyNDk3NzU2MTQ@.jpg,Indiana Jones and the Last Crusade,8.2,1989,625780,Steven Spielberg,"['Harrison Ford', 'Sean Connery']"
113,https://m.media-amazon.com/images/M/MV5BMTk1MDU5MjQ5NF5BMl5BanBnXkFtZTgwMDM2OTE4MzE@.jpg,Rashômon,8.2,1950,131890,Akira Kurosawa,['Machiko Ky']
114,https://m.media-amazon.com/images/M/MV5BMTk3NDE2NzI4NF5BMl5BanBnXkFtZTgwNzE1MzEyMTE@.jpg,Up,8.2,2009,833125,Pete Docter,"['Edward Asner', 'Jordan Nagai']"
115,https://m.media-amazon.com/images/M/MV5BMTY2MTAzODI5NV5BMl5BanBnXkFtZTgwMjM4NzQ0MjE@.jpg,All About Eve,8.2,1950,106146,Bette Davis,"['Bette Davis', 'Anne Baxter']"
116,https://m.media-amazon.com/images/M/MV5BZmUwNGU2ZmItMmRiNC00MjhlLTg5YWUtODMyNzkxODYzMmZlXkEyXkFqcGdeQXVyNTIzOTk5ODM@.jpg,Batman Begins,8.2,2005,1178682,Christopher Nolan,"['Christian Bale', 'Michael Caine']"
117,https://m.media-amazon.com/images/M/MV5BZThiZjAzZjgtNDU3MC00YThhLThjYWUtZGRkYjc2ZWZlOTVjXkEyXkFqcGdeQXVyNTA4NzY1MzY@.jpg,Yojimbo,8.2,1961,95371,Akira Kurosawa,[]
118,https://m.media-amazon.com/images/M/MV5BNzAyOGIxYjAtMGY2NC00ZTgyLWIwMWEtYzY0OWQ4NDFjOTc5XkEyXkFqcGdeQXVyNjU0OTQ0OTY@.jpg,Some Like It Hot,8.2,1959,217115,Billy Wilder,"['Marilyn Monroe', 'Tony Curtis']"
119,https://m.media-amazon.com/images/M/MV5BZDFmNzI3YmItMTMyMy00YjE1LTliYTgtN2Q4M2QzZDE5MTlhXkEyXkFqcGdeQXVyMTQxNzMzNDI@.jpg,Downfall,8.2,2004,301429,Oliver Hirschbiegel,"['Bruno Ganz', 'Alexandra Maria Lara']"
120,https://m.media-amazon.com/images/M/MV5BODM3YWY4NmQtN2Y3Ni00OTg0LWFhZGQtZWE3ZWY4MTJlOWU4XkEyXkFqcGdeQXVyNjU0OTQ0OTY@.jpg,Unforgiven,8.2,1992,336799,Clint Eastwood,"['Clint Eastwood', 'Gene Hackman']"
121,https://m.media-amazon.com/images/M/MV5BZjRlNDUxZjAtOGQ4OC00OTNlLTgxNmQtYTBmMDgwZmNmNjkxXkEyXkFqcGdeQXVyNzkwMjQ5NzM@.jpg,Die Hard,8.2,1988,712521,John McTiernan,"['Bruce Willis', 'Alan Rickman']"
122,https://m.media-amazon.com/images/M/MV5BOTJlZWMxYzEtMjlkMS00ODE0LThlM2ItMDI3NGQ2YjhmMzkxXkEyXkFqcGdeQXVyMDI2NDg0NQ@@.jpg,The Treasure of the Sierra Madre,8.2,1948,100516,John Huston,"['Humphrey Bogart', 'Walter Huston']"
123,https://m.media-amazon.com/images/M/MV5BNDc0YTQ5NGEtM2NkYS00MWRhLThiNzAtNmY3NWU3YzNkMjIyXkEyXkFqcGdeQXVyNzkwMjQ5NzM@.jpg,Heat,8.2,1995,518687,Michael Mann,"['Al Pacino', 'Robert De Niro']"
124,https://m.media-amazon.com/images/M/MV5BZTViOTVkOTAtYzljZS00YjQyLTlhNDMtYTExMGE2YmYxMWE5XkEyXkFqcGdeQXVyMTMxODk2OTU@.jpg,Incendies,8.2,2010,121772,Denis Villeneuve,['Lubna Azabal']
125,https://m.media-amazon.com/images/M/MV5BYzIzYmJlYTYtNGNiYy00N2EwLTk4ZjItMGYyZTJiOTVkM2RlXkEyXkFqcGdeQXVyODY1NDk1NjE@.jpg,Green Book,8.2,2018,160544,Peter Farrelly,"['Viggo Mortensen', 'Mahershala Ali']"
126,https://m.media-amazon.com/images/M/MV5BMTliYThjNGEtYTRiMy00MWMzLTgyNzEtYTU3NTU3M2YwMTNjXkEyXkFqcGdeQXVyMjgyNjk3MzE@.jpg,Ikiru,8.2,1952,57821,Akira Kurosawa,"['Takashi Shimura', 'Nobuo Kaneko']"
127,https://m.media-amazon.com/images/M/MV5BYjRmODkzNDItMTNhNi00YjJlLTg0ZjAtODlhZTM0YzgzYThlXkEyXkFqcGdeQXVyNzQ1ODk3MTQ@.jpg,Raging Bull,8.2,1980,284312,Martin Scorsese,"['Robert De Niro', 'Cathy Moriarty']"
128,https://m.media-amazon.com/images/M/MV5BNzA2NmYxMWUtNzBlMC00MWM2LTkwNmQtYTFlZjQwODNhOWE0XkEyXkFqcGdeQXVyNTIzOTk5ODM@.jpg,The Great Escape,8.2,1963,203059,John Sturges,"['Steve McQueen', 'James Garner']"
129,https://m.media-amazon.com/images/M/MV5BZTYwZWQ4ZTQtZWU0MS00N2YwLWEzMDItZWFkZWY0MWVjODVhXkEyXkFqcGdeQXVyNjU0OTQ0OTY@.jpg,Children of Heaven,8.2,1997,50369,Majid Majidi,"['Mohammad Amir Naji', 'Amir Farrokh Hashemian']"
130,https://m.media-amazon.com/images/M/MV5BMTU3ODg2NjQ5NF5BMl5BanBnXkFtZTcwMDEwODgzMQ@@.jpg,Pan's Labyrinth,8.2,2006,566576,Guillermo del Toro,"['Ivana Baquero', 'Ariadna Gil']"
131,https://m.media-amazon.com/images/M/MV5BOGMwYmY5ZmEtMzY1Yi00OWJiLTk1Y2MtMzI2MjBhYmZkNTQ0XkEyXkFqcGdeQXVyNzkwMjQ5NzM@.jpg,Chinatown,8.2,1974,263183,Roman Polanski,"['Jack Nicholson', 'Faye Dunaway']"
132,https://m.media-amazon.com/images/M/MV5BNjAzMzEwYzctNjc1MC00Nzg5LWFmMGItMTgzYmMyNTY2OTQ4XkEyXkFqcGdeQXVyNjU0OTQ0OTY@.jpg,Babam ve Oglum,8.2,2005,64703,agan Irmak,"['etin Tekindor', 'Fikret Kuskan']"
133,https://m.media-amazon.com/images/M/MV5BYmY0NWJiMmUtMzUyZi00YTAzLWE3OWEtYjc4MmM0ZWUyOWFmXkEyXkFqcGdeQXVyNTAyODkwOQ@@.jpg,My Neighbor Totoro,8.2,1988,235016,Hayao Miyazaki,"['Hitoshi Takagi', 'Noriko Hidaka']"
134,https://m.media-amazon.com/images/M/MV5BYjE2OTdhMWUtOGJlMy00ZDViLWIzZjgtYjZkZGZmMDZjYmEyXkEyXkFqcGdeQXVyNzkwMjQ5NzM@.jpg,The Third Man,8.2,1949,141846,Carol Reed,"['Orson Welles', 'Joseph Cotten']"
135,https://m.media-amazon.com/images/M/MV5BMjZmNWZmZDMtMjcyZS00NGYwLTlkZmYtZDA0YzAyN2RiNzM0XkEyXkFqcGdeQXVyMzg2MzE2OTE@.jpg,Howl's Moving Castle,8.2,2004,278664,Hayao Miyazaki,"['Chieko Baish', 'Takuya Kimura']"
136,https://m.media-amazon.com/images/M/MV5BZDBjZTM4ZmEtOTA5ZC00NTQzLTkyNzYtMmUxNGU2YjI5YjU5L2ltYWdlXkEyXkFqcGdeQXVyNTAyODkwOQ@@.jpg,Ran,8.2,1985,98486,Akira Kurosawa,"['Tatsuya Nakadai', 'Akira Terao']"
137,https://m.media-amazon.com/images/M/MV5BZDZjMTIwZTQtNTM3OS00OTUyLWI5MTMtOTNjYWVkNzhjMWIxXkEyXkFqcGdeQXVyNTc1NTQxODI@.jpg,Judgment at Nuremberg,8.2,1961,60954,Stanley Kramer,"['Spencer Tracy', 'Burt Lancaster']"
138,https://m.media-amazon.com/images/M/MV5BMTgwNTI3OTczOV5BMl5BanBnXkFtZTcwMTM3MTUyMw@@.jpg,The Secret in Their Eyes,8.2,2009,170875,Juan Jos,"['Ricardo Dar', 'Soledad Villamil']"
139,https://m.media-amazon.com/images/M/MV5BZjEyOTE4MzMtNmMzMy00Mzc3LWJlOTQtOGJiNDE0ZmJiOTU4L2ltYWdlXkEyXkFqcGdeQXVyNTAyODkwOQ@@.jpg,The Gold Rush,8.2,1925,88446,Charles Chaplin,"['Charles Chaplin', 'Mack Swain']"
140,https://m.media-amazon.com/images/M/MV5BNmMyNzI1MGEtNDkyZS00MmY2LWJlZmUtMjA1MzMwZjM3OWViXkEyXkFqcGdeQXVyMDI2NDg0NQ@@.jpg,The Bridge on the River Kwai,8.2,1957,184513,David Lean,"['William Holden', 'Alec Guinness']"
141,https://m.media-amazon.com/images/M/MV5BMzcwYWFkYzktZjAzNC00OGY1LWI4YTgtNzc5MzVjMDVmNjY0XkEyXkFqcGdeQXVyMTQxNzMzNDI@.jpg,A Beautiful Mind,8.2,2001,761970,Ron Howard,"['Russell Crowe', 'Ed Harris']"
142,https://m.media-amazon.com/images/M/MV5BMTAyN2JmZmEtNjAyMy00NzYwLThmY2MtYWQ3OGNhNjExMmM4XkEyXkFqcGdeQXVyNDk3NzU2MTQ@.jpg,"Lock, Stock and Two Smoking Barrels",8.2,1998,488995,Guy Ritchie,"['Jason Flemyng', 'Dexter Fletcher']"
143,https://m.media-amazon.com/images/M/MV5BMTcxOWYzNDYtYmM4YS00N2NkLTk0NTAtNjg1ODgwZjAxYzI3XkEyXkFqcGdeQXVyNTA4NzY1MzY@.jpg,Casino,8.2,1995,409538,Martin Scorsese,"['Robert De Niro', 'Sharon Stone']"
144,https://m.media-amazon.com/images/M/MV5BNWE2NmMwZjgtOWYxYy00NWU0LTkzOGUtYTg4Yjk3MDFmY2IyXkEyXkFqcGdeQXVyMTMxODk2OTU@.jpg,The Seventh Seal,8.1,1957,141700,Ingmar Bergman,"['Max von Sydow', 'Gunnar Bj']"
145,https://m.media-amazon.com/images/M/MV5BMjMxNzgwMDUyMl5BMl5BanBnXkFtZTgwMTQ0NTIyNDM@.jpg,"Three Billboards Outside Ebbing, Missouri",8.1,2017,331240,Martin McDonagh,"['Frances McDormand', 'Woody Harrelson']"
146,https://m.media-amazon.com/images/M/MV5BMjFiZDg3MDgtOTdiNC00ZGFiLWIyN2ItNDhkNGI5ZThkOTE3XkEyXkFqcGdeQXVyNjc1NTYyMjg@.jpg,On the Waterfront,8.1,1954,127427,Elia Kazan,"['Marlon Brando', 'Karl Malden']"
147,https://m.media-amazon.com/images/M/MV5BZWZhMjhhZmYtOTIzOC00MGYzLWI1OGYtM2ZkN2IxNTI4ZWI3XkEyXkFqcGdeQXVyNDAzNDk0MTQ@.jpg,Andhadhun,8.1,2018,38066,Sriram Raghavan,['Ayushmann Khurrana']
148,https://m.media-amazon.com/images/M/MV5BOTgxMDQwMDk0OF5BMl5BanBnXkFtZTgwNjU5OTg2NDE@.jpg,Inside Out,8.1,2015,526323,Pete Docter,"['Amy Poehler', 'Bill Hader']"
149,https://m.media-amazon.com/images/M/MV5BMDVjNjIwOGItNDE3Ny00OThjLWE0NzQtZTU3YjMzZTZjMzhkXkEyXkFqcGdeQXVyMTQxNzMzNDI@.jpg,The Elephant Man,8.1,1980,198402,David Lynch,"['Anthony Hopkins', 'John Hurt']"
150,https://m.media-amazon.com/images/M/MV5BMjIxMjgxNTk0MF5BMl5BanBnXkFtZTgwNjIyOTg2MDE@.jpg,The Wolf of Wall Street,8.1,2013,1019030,Martin Scorsese,"['Leonardo DiCaprio', 'Jonah Hill']"
151,https://m.media-amazon.com/images/M/MV5BYzllMjJkODAtYjMwMi00YmNhLWFhYzAtZjZjODg5YzEwOGUwXkEyXkFqcGdeQXVyNjU0OTQ0OTY@.jpg,V for Vendetta,8.1,2005,943364,James McTeigue,"['Hugo Weaving', 'Natalie Portman']"
152,https://m.media-amazon.com/images/M/MV5BMjE4NzgzNzEwMl5BMl5BanBnXkFtZTgwMTMzMDE0NjE@.jpg,Room,8.1,2015,309666,Lenny Abrahamson,"['Brie Larson', 'Jacob Tremblay']"
153,https://m.media-amazon.com/images/M/MV5BZTYwYjYxYzgtMDE1Ni00NzU4LWJlMTEtODQ5YmJmMGJhZjI5L2ltYWdlXkEyXkFqcGdeQXVyMDI2NDg0NQ@@.jpg,Mr. Smith Goes to Washington,8.1,1939,97324,Frank Capra,"['James Stewart', 'Jean Arthur']"
154,https://m.media-amazon.com/images/M/MV5BMTk4ODk5MTMyNV5BMl5BanBnXkFtZTcwMDMyNTg0Ng@@.jpg,Warrior,8.1,2011,400170,Tom Hardy,['Nick Nolte']
155,https://m.media-amazon.com/images/M/MV5BNzQzMzJhZTEtOWM4NS00MTdhLTg0YjgtMjM4MDRkZjUwZDBlXkEyXkFqcGdeQXVyNjU0OTQ0OTY@.jpg,Blade Runner,8.1,1982,620590,Ridley Scott,"['Harrison Ford', 'Rutger Hauer']"
156,https://m.media-amazon.com/images/M/MV5BOWIwODIxYWItZDI4MS00YzhhLWE3MmYtMzlhZDIwOTMzZmE5L2ltYWdlXkEyXkFqcGdeQXVyNjc1NTYyMjg@.jpg,Dial M for Murder,8.1,1954,138972,Alfred Hitchcock,"['Ray Milland', 'Grace Kelly']"
157,https://m.media-amazon.com/images/M/MV5BMjA5Njk3MjM4OV5BMl5BanBnXkFtZTcwMTc5MTE1MQ@@.jpg,No Country for Old Men,8.1,2007,758114,Ethan Coen,"['Tommy Lee Jones', 'Javier Bardem']"
158,https://m.media-amazon.com/images/M/MV5BMjAxODQ4MDU5NV5BMl5BanBnXkFtZTcwMDU4MjU1MQ@@.jpg,There Will Be Blood,8.1,2007,458379,Paul Thomas Anderson,"['Daniel Day', 'Paul Dano']"
159,https://m.media-amazon.com/images/M/MV5BZTJjY2RjMjEtMmRkNy00MTI2LTk1YzUtYzQwMzViZDJjNmNjXkEyXkFqcGdeQXVyMTMxODk2OTU@.jpg,Wild Strawberries,8.1,1957,83133,Ingmar Bergman,"['Victor Sj', 'Bibi Andersson']"
160,https://m.media-amazon.com/images/M/MV5BYmRiMDFlYjYtOTMwYy00OGY2LWE0Y2QtYzQxOGNhZmUwNTIxXkEyXkFqcGdeQXVyNzkwMjQ5NzM@.jpg,The General,8.1,1926,70934,Clyde Bruckman,"['Buster Keaton', 'Marion Mack']"
161,https://m.media-amazon.com/images/M/MV5BMzA5Zjc3ZTMtMmU5YS00YTMwLWI4MWUtYTU0YTVmNjVmODZhXkEyXkFqcGdeQXVyNjU0OTQ0OTY@.jpg,Trainspotting,8.1,1996,584133,Danny Boyle,"['Ewan McGregor', 'Ewen Bremner']"
162,https://m.media-amazon.com/images/M/MV5BMWM4NTFhYjctNzUyNi00NGMwLTk3NTYtMDIyNTZmMzRlYmQyXkEyXkFqcGdeQXVyMTAwMzUyOTc@.jpg,The Sixth Sense,8.1,1999,835832,Night Shyamalan,"['Bruce Willis', 'Haley Joel Osment']"
163,https://m.media-amazon.com/images/M/MV5BYjUyZWZkM2UtMzYxYy00ZmQ3LWFmZTQtOGE2YjBkNjA3YWZlXkEyXkFqcGdeQXVyNzkwMjQ5NzM@.jpg,Gone with the Wind,8.1,1939,261715,Victor Fleming,"['Clark Gable', 'Vivien Leigh']"
164,https://m.media-amazon.com/images/M/MV5BNDcyZmFjY2YtN2I1OC00MzU3LWIzZGEtZDA5N2VlNDJjYWI3L2ltYWdlXkEyXkFqcGdeQXVyNTAyODkwOQ@@.jpg,The Thing,8.1,1982,326488,John Carpenter,"['Kurt Russell', 'Wilford Brimley']"
165,https://m.media-amazon.com/images/M/MV5BNDJiZDgyZjctYmRjMS00ZjdkLTkwMTEtNGU1NDg3NDQ0Yzk1XkEyXkFqcGdeQXVyNzkwMjQ5NzM@.jpg,Fargo,8.1,1996,555857,Joel Coen,"['William H. Macy', 'Frances McDormand']"
166,https://m.media-amazon.com/images/M/MV5BODM4Njg0NTAtYjI5Ny00ZjAxLTkwNmItZTMxMWU5M2U3M2RjXkEyXkFqcGdeQXVyNzkwMjQ5NzM@.jpg,Come and See,8.1,1985,42522,Elem Klimov,"['Aleksey Kravchenko', 'Olga Mironova']"
167,https://m.media-amazon.com/images/M/MV5BMTc5NTk2OTU1Nl5BMl5BanBnXkFtZTcwMDc3NjAwMg@@.jpg,Gran Torino,8.1,2008,663854,Clint Eastwood,"['Clint Eastwood', 'Bee Vang']"
168,https://m.media-amazon.com/images/M/MV5BZjMxYzBiNjUtZDliNC00MDAyLTg3N2QtOWNjNmNhZGQzNDg5XkEyXkFqcGdeQXVyNjE2MjQwNjc@.jpg,Finding Nemo,8.1,2003,856837,Andrew Stanton,"['Albert Brooks', 'Ellen DeGeneres']"
169,https://m.media-amazon.com/images/M/MV5BNDhmNTA0ZDMtYjhkNS00NzEzLWIzYTItOGNkMTVmYjE2YmI3XkEyXkFqcGdeQXVyNzkwMjQ5NzM@.jpg,The Deer Hunter,8.1,1978,281736,Michael Cimino,"['Robert De Niro', 'Christopher Walken']"
170,https://m.media-amazon.com/images/M/MV5BYzhiNDkyNzktNTZmYS00ZTBkLTk2MDAtM2U0YjU1MzgxZjgzXkEyXkFqcGdeQXVyMTMxODk2OTU@.jpg,Shutter Island,8.1,2010,991566,Martin Scorsese,"['Leonardo DiCaprio', 'Emily Mortimer']"
171,https://m.media-amazon.com/images/M/MV5BMTQ0NjUzMDMyOF5BMl5BanBnXkFtZTgwODA1OTU0MDE@.jpg,The Big Lebowski,8.1,1998,655846,Joel Coen,"['Jeff Bridges', 'John Goodman']"
172,https://m.media-amazon.com/images/M/MV5BZWFhOGU5NDctY2Q3YS00Y2VlLWI1NzEtZmIwY2ZiZjY4OTA2XkEyXkFqcGdeQXVyMDI2NDg0NQ@@.jpg,Sherlock Jr.,8.1,1924,32333,Buster Keaton,"['Buster Keaton', 'Kathryn McGuire']"
173,https://m.media-amazon.com/images/M/MV5BNzM3NDFhYTAtYmU5Mi00NGRmLTljYjgtMDkyODQ4MjNkMGY2XkEyXkFqcGdeQXVyNzkwMjQ5NzM@.jpg,Kill Bill: Vol. 1,8.1,2003,894693,Quentin Tarantino,"['Uma Thurman', 'David Carradine']"
174,https://m.media-amazon.com/images/M/MV5BOWFlNzZhYmYtYTI5YS00MDQyLWIyNTUtNTRjMWUwNTEzNjA0XkEyXkFqcGdeQXVyNjUwNzk3NDc@.jpg,Cool Hand Luke,8.1,1967,146953,Stuart Rosenberg,"['Paul Newman', 'George Kennedy']"
175,https://m.media-amazon.com/images/M/MV5BYWQ4ZTRiODktNjAzZC00Nzg1LTk1YWQtNDFmNDI0NmZiNGIwXkEyXkFqcGdeQXVyNzkwMjQ5NzM@.jpg,Tokyo Story,8.1,1953,42998,Chieko Higashiyama,[]
176,https://m.media-amazon.com/images/M/MV5BYTcxYWExOTMtMWFmYy00ZjgzLWI0YjktNWEzYzJkZTg0NDdmL2ltYWdlXkEyXkFqcGdeQXVyNjc1NTYyMjg@.jpg,Rebecca,8.1,1940,109743,Alfred Hitchcock,"['Laurence Olivier', 'Joan Fontaine']"
177,https://m.media-amazon.com/images/M/MV5BMDgzYjQwMDMtNGUzYi00MTRmLWIyMGMtNjE1OGZkNzY2YWIzL2ltYWdlXkEyXkFqcGdeQXVyNjU0OTQ0OTY@.jpg,Mary and Max,8.1,2009,149440,Adam Elliot,"['Toni Collette', 'Philip Seymour Hoffman']"
178,https://m.media-amazon.com/images/M/MV5BMjQ1NjM3MTUxNV5BMl5BanBnXkFtZTgwMDc5MTY5OTE@.jpg,Hacksaw Ridge,8.1,2016,358680,Mel Gibson,"['Andrew Garfield', 'Sam Worthington']"
179,https://m.media-amazon.com/images/M/MV5BMjA5NDQyMjc2NF5BMl5BanBnXkFtZTcwMjg5ODcyMw@@.jpg,How to Train Your Dragon,8.1,2010,602059,Dean DeBlois,"['Jay Baruchel', 'Gerard Butler']"
180,https://m.media-amazon.com/images/M/MV5BMjM2MDgxMDg0Nl5BMl5BanBnXkFtZTgwNTM2OTM5NDE@.jpg,Jurassic Park,8.1,1993,773554,Steven Spielberg,"['Sam Neill', 'Laura Dern']"
181,https://m.media-amazon.com/images/M/MV5BMTk0MDQ3MzAzOV5BMl5BanBnXkFtZTgwNzU1NzE3MjE@.jpg,Gone Girl,8.1,2014,751072,David Fincher,"['Ben Affleck', 'Rosamund Pike']"
182,https://m.media-amazon.com/images/M/MV5BNzAzMjA1ODAxOV5BMl5BanBnXkFtZTgwODg4NTQzNDE@.jpg,Relatos salvajes,8.1,2014,148316,n Szifron,"['o Grandinetti', 'a Marull']"
183,https://m.media-amazon.com/images/M/MV5BNDVkYmYwM2ItNzRiMy00NWQ4LTlhMjMtNDI1ZDYyOGVmMzJjXkEyXkFqcGdeQXVyNTgzMzU5MDI@.jpg,Sunrise,8.1,1927,42719,Janet Gaynor,['Janet Gaynor']
184,https://m.media-amazon.com/images/M/MV5BOTFhODJjMzktNDhjMy00MmM4LWI5NWQtMDdhOGU1NzYxNzE1XkEyXkFqcGdeQXVyNTA4NzY1MzY@.jpg,Neon Genesis Evangelion: The End of Evangelion,8.1,1997,25768,Hideaki Anno,"['Megumi Ogata', 'Megumi Hayashibara']"
185,https://m.media-amazon.com/images/M/MV5BMDIzODcyY2EtMmY2MC00ZWVlLTgwMzAtMjQwOWUyNmJjNTYyXkEyXkFqcGdeQXVyNDk3NzU2MTQ@.jpg,The Truman Show,8.1,1998,827963,Peter Weir,"['Jim Carrey', 'Ed Harris']"
186,https://m.media-amazon.com/images/M/MV5BNDY2NjU0NDAxOF5BMl5BanBnXkFtZTgwNjQ4MTI2MTE@.jpg,Stalker,8.1,1979,96264,Andrei Tarkovsky,"['Alisa Freyndlikh', 'Aleksandr Kaydanovskiy']"
187,https://m.media-amazon.com/images/M/MV5BMmYyOTgwYWItYmU3Ny00M2E2LTk0NWMtMDVlNmQ0MWZiMTMxXkEyXkFqcGdeQXVyNzkwMjQ5NzM@.jpg,In the Name of the Father,8.1,1993,139856,Jim Sheridan,"['Daniel Day', 'Pete Postlethwaite']"
188,https://m.media-amazon.com/images/M/MV5BMzM5NjUxOTEyMl5BMl5BanBnXkFtZTgwNjEyMDM0MDE@.jpg,The Grand Budapest Hotel,8.1,2014,625620,Wes Anderson,"['Ralph Fiennes', 'F. Murray Abraham']"
189,https://m.media-amazon.com/images/M/MV5BMTAwNDEyODU1MjheQTJeQWpwZ15BbWU2MDc3NDQwNw@@.jpg,Into the Wild,8.1,2007,519646,Sean Penn,"['Emile Hirsch', 'Vince Vaughn']"
190,https://m.media-amazon.com/images/M/MV5BODJmY2Y2OGQtMDg2My00N2Q3LWJmZTUtYTc2ODBjZDVlNDlhXkEyXkFqcGdeQXVyMTQxNzMzNDI@.jpg,Stand by Me,8.1,1986,330369,Rob Reiner,"['Wil Wheaton', 'River Phoenix']"
191,https://m.media-amazon.com/images/M/MV5BZmViYmM5OTYtNGQ4Ny00YjQyLThiNjEtYTE4MGZhZTNmZjcyL2ltYWdlL2ltYWdlXkEyXkFqcGdeQXVyNjU0OTQ0OTY@.jpg,It Happened One Night,8.1,1934,83896,Frank Capra,"['Clark Gable', 'Claudette Colbert']"
192,https://m.media-amazon.com/images/M/MV5BM2Y1NTQyNWYtNDViNy00ZWRhLTk3MTMtOTI3ZGQ5MDFiNWM4XkEyXkFqcGdeQXVyNzkwMjQ5NzM@.jpg,Platoon,8.1,1986,348246,Oliver Stone,"['Charlie Sheen', 'Tom Berenger']"
193,https://m.media-amazon.com/images/M/MV5BMzAwNjU1OTktYjY3Mi00NDY5LWFlZWUtZjhjNGE0OTkwZDkwXkEyXkFqcGdeQXVyMTQxNzMzNDI@.jpg,Life of Brian,8.1,1979,330849,Terry Jones,"['Graham Chapman', 'John Cleese']"
194,https://m.media-amazon.com/images/M/MV5BNmFiOWY3ZTktOTYwNy00ZTUzLTk0ODQtNzIxMzQ0ZDFjMTgyXkEyXkFqcGdeQXVyNTc1NTQxODI@.jpg,Network,8.1,1976,129708,Sidney Lumet,"['Faye Dunaway', 'William Holden']"
195,https://m.media-amazon.com/images/M/MV5BZWYyYTk5ODQtNjFjZi00ZDFlLWEwNGEtNGQwZTdmYWRhNmU3L2ltYWdlXkEyXkFqcGdeQXVyNTAyODkwOQ@@.jpg,Memories of Murder,8.1,2003,98572,ho Bong,"['ho Song', 'kyung Kim']"
196,https://m.media-amazon.com/images/M/MV5BNzY1NTQ0OWItYjJkOC00ZjUwLWI0OTgtOTkwNzE3YjZlZTQ5XkEyXkFqcGdeQXVyMzUxNjAwMTg@.jpg,Persona,8.1,1966,85690,Ingmar Bergman,"['Bibi Andersson', 'Liv Ullmann']"
197,https://m.media-amazon.com/images/M/MV5BNjgxY2JiZDYtZmMwOC00ZmJjLWJmODUtMTNmNWNmYWI5ODkwL2ltYWdlL2ltYWdlXkEyXkFqcGdeQXVyNjc1NTYyMjg@.jpg,Ben-Hur,8.1,1959,199445,William Wyler,"['Charlton Heston', 'Jack Hawkins']"
198,https://m.media-amazon.com/images/M/MV5BOGQ4ZjFmYjktOGNkNS00OWYyLWIyZjgtMGJjM2U1ZTA0ZTlhXkEyXkFqcGdeQXVyNTA4NzY1MzY@.jpg,The Bandit,8.1,1996,54521,Yavuz Turgul,['Sener Sen']
199,https://m.media-amazon.com/images/M/MV5BMjExMTEzODkyN15BMl5BanBnXkFtZTcwNTU4NTc4OQ@@.jpg,12 Years a Slave,8.1,2013,570330,Steve McQueen,"['Chiwetel Ejiofor', 'Michael Kenneth Williams']"
200,https://m.media-amazon.com/images/M/MV5BZGJjYmIzZmQtNWE4Yy00ZGVmLWJkZGEtMzUzNmQ4ZWFlMjRhXkEyXkFqcGdeQXVyMTMxODk2OTU@.jpg,Hotel Rwanda,8.1,2004,310863,Terry George,"['Don Cheadle', 'Sophie Okonedo']"
201,https://m.media-amazon.com/images/M/MV5BMTkxNzA1NDQxOV5BMl5BanBnXkFtZTcwNTkyMTIzMw@@.jpg,Million Dollar Baby,8.1,2004,580985,Clint Eastwood,"['Hilary Swank', 'Clint Eastwood']"
202,https://m.media-amazon.com/images/M/MV5BZDdiZTAwYzAtMDI3Ni00OTRjLTkzN2UtMGE3MDMyZmU4NTU4XkEyXkFqcGdeQXVyNjU0OTQ0OTY@.jpg,Before Sunrise,8.1,1995,234953,Richard Linklater,"['Ethan Hawke', 'Julie Delpy']"
203,https://m.media-amazon.com/images/M/MV5BMjhkN2Q3MzctNzJiOC00OTc5LWIwOWYtNWRiYWUyMDk0MGZiXkEyXkFqcGdeQXVyNTAyODkwOQ@@.jpg,Andrei Rublev,8.1,1966,38099,Andrei Tarkovsky,"['Anatoliy Solonitsyn', 'Ivan Lapikov']"
204,https://m.media-amazon.com/images/M/MV5BZDdkNzMwZmUtY2Q5MS00ZmM2LWJhYjItYTBjMWY0MGM4MDRjXkEyXkFqcGdeQXVyNTA4NzY1MzY@.jpg,The Wages of Fear,8.1,1953,47664,Georges Clouzot,"['Yves Montand', 'Charles Vanel']"
205,https://m.media-amazon.com/images/M/MV5BN2EwM2I5OWMtMGQyMi00Zjg1LWJkNTctZTdjYTA4OGUwZjMyXkEyXkFqcGdeQXVyMTMxODk2OTU@.jpg,Mad Max: Fury Road,8.1,2015,768756,George Miller,"['Tom Hardy', 'Charlize Theron']"
206,https://m.media-amazon.com/images/M/MV5BMTg0NTIzMjQ1NV5BMl5BanBnXkFtZTcwNDc3MzM5OQ@@.jpg,Prisoners,8.1,2013,518809,Denis Villeneuve,"['Hugh Jackman', 'Jake Gyllenhaal']"
207,https://m.media-amazon.com/images/M/MV5BOWEwODJmZDItYTNmZC00OGM4LThlNDktOTQzZjIzMGQxODA4XkEyXkFqcGdeQXVyNjU0OTQ0OTY@.jpg,Rush,8.1,2013,387678,Ron Howard,"['Daniel Br', 'Chris Hemsworth']"
208,https://m.media-amazon.com/images/M/MV5BYTQ4MjA4NmYtYjRhNi00MTEwLTg0NjgtNjk3ODJlZGU4NjRkL2ltYWdlL2ltYWdlXkEyXkFqcGdeQXVyNjU0OTQ0OTY@.jpg,The 400 Blows,8.1,1959,91125,ois Truffaut,[]
209,https://m.media-amazon.com/images/M/MV5BMTFkYjg3ZjMtMWMwMC00ZTFhLThlNjgtYTQ2YzlkZGI5MWVmXkEyXkFqcGdeQXVyNTA2NDc4OA@@.jpg,The Passion of Joan of Arc,8.1,1928,40007,Carl Theodor Dreyer,"['Maria Falconetti', 'Eugene Silvain']"
210,https://m.media-amazon.com/images/M/MV5BNzE4NDg5OWMtMzg3NC00ZDRjLTllMDMtZTRjNWZmNjBmMGZlXkEyXkFqcGdeQXVyMTMxODk2OTU@.jpg,Hachi: A Dog's Tale,8.1,2009,220064,Lasse Hallstr,"['Richard Gere', 'Joan Allen']"
211,https://m.media-amazon.com/images/M/MV5BMjIyOTM5OTIzNV5BMl5BanBnXkFtZTgwMDkzODE2NjE@.jpg,Spotlight,8.1,2015,358857,Tom McCarthy,"['Mark Ruffalo', 'Michael Keaton']"
212,https://m.media-amazon.com/images/M/MV5BYzc5MTU4N2EtYTkyMi00NjdhLTg3NWEtMTY4OTEyMzJhZTAzXkEyXkFqcGdeQXVyNjc1NTYyMjg@.jpg,Logan,8.1,2017,544288,James Mangold,"['Hugh Jackman', 'Patrick Stewart']"
213,https://m.media-amazon.com/images/M/MV5BMWJhOTg5MWQtYTJjMi00YmFkLTg4ODgtYmU2YWVhODQ4ZDM3XkEyXkFqcGdeQXVyMTAwMzUyOTc@.jpg,Amores Perros,8.1,2000,205410,Emilio Echevarr,"['Emilio Echevarr', 'Gael Garc', 'a Bernal']"
214,https://m.media-amazon.com/images/M/MV5BMTY5MzYzNjc5NV5BMl5BanBnXkFtZTYwNTUyNTc2.jpg,Catch Me If You Can,8.1,2002,707015,Steven Spielberg,"['Leonardo DiCaprio', 'Tom Hanks']"
215,https://m.media-amazon.com/images/M/MV5BMGM4M2Q5N2MtNThkZS00NTc1LTk1NTItNWEyZjJjNDRmNDk5XkEyXkFqcGdeQXVyMjA0MDQ0Mjc@.jpg,The Princess Bride,8.1,1987,354178,Rob Reiner,"['Cary Elwes', 'Mandy Patinkin']"
216,https://m.media-amazon.com/images/M/MV5BODJiNmUzYmQtZTNhNS00NjY0LThmYjMtOTliOTM1NTdkYzY1XkEyXkFqcGdeQXVyNjU0OTQ0OTY@.jpg,Nausicaä of the Valley of the Wind,8.1,1984,126484,Hayao Miyazaki,"['Sumi Shimamoto', 'Mahito Tsujimura']"
217,https://m.media-amazon.com/images/M/MV5BMjIyZGU4YzUtNDkzYi00ZDRhLTljYzctYTMxMDQ4M2E0Y2YxXkEyXkFqcGdeQXVyNTIzOTk5ODM@.jpg,Harry Potter and the Deathly Hallows: Part 2,8.1,2011,682919,David Yates,"['Daniel Radcliffe', 'Emma Watson']"
218,https://m.media-amazon.com/images/M/MV5BM2I3OGU1YmQtNjIyOC00OGYzLWFkOTgtOGIyMDVlNmE2M2VmXkEyXkFqcGdeQXVyODE5NzE3OTE@.jpg,Rang De Basanti,8.0,2006,99407,Rakeysh Omprakash Mehra,"['Aamir Khan', 'Soha Ali Khan']"
219,https://m.media-amazon.com/images/M/MV5BMTkyMTM2NDk5Nl5BMl5BanBnXkFtZTgwNzY1NzEyMDE@.jpg,Butch Cassidy and the Sundance Kid,8.0,1969,185415,George Roy Hill,"['Paul Newman', 'Robert Redford']"
220,https://m.media-amazon.com/images/M/MV5BMTY5MDMzODUyOF5BMl5BanBnXkFtZTcwMTQ3NTMyNA@@.jpg,Rocky,8.0,1976,467143,Sylvester Stallone,"['Sylvester Stallone', 'Talia Shire']"
221,https://m.media-amazon.com/images/M/MV5BNmY0MWY2NDctZDdmMi00MjA1LTk0ZTQtZDMyZTQ1NTNlYzVjXkEyXkFqcGdeQXVyMjUzOTY1NTc@.jpg,Barry Lyndon,8.0,1975,130603,Stanley Kubrick,['Marisa Berenson']
222,https://m.media-amazon.com/images/M/MV5BMTY1NTI0ODUyOF5BMl5BanBnXkFtZTgwNTEyNjQ0MDE@.jpg,"Monsters, Inc.",8.0,2001,729588,Pete Docter,"['Billy Crystal', 'John Goodman']"
223,https://m.media-amazon.com/images/M/MV5BNzJiOGI2MjctYjUyMS00ZjkzLWE2ZmUtOTg4NTZkOTNhZDc1L2ltYWdlXkEyXkFqcGdeQXVyNjc1NTYyMjg@.jpg,The Grapes of Wrath,8.0,1940,80096,John Ford,"['Henry Fonda', 'Jane Darwell']"
224,https://m.media-amazon.com/images/M/MV5BOGYwYWNjMzgtNGU4ZC00NWQ2LWEwZjUtMzE1Zjc3NjY3YTU1XkEyXkFqcGdeQXVyMTQxNzMzNDI@.jpg,Dead Poets Society,8.0,1989,363086,Peter Weir,"['Robin Williams', 'Robert Sean Leonard']"
225,https://m.media-amazon.com/images/M/MV5BZjIwNGM1ZTUtOThjYS00NDdiLTk2ZDYtNGY5YjJkNzliM2JjL2ltYWdlL2ltYWdlXkEyXkFqcGdeQXVyMDI2NDg0NQ@@.jpg,The Maltese Falcon,8.0,1941,139173,John Huston,"['Humphrey Bogart', 'Mary Astor']"
226,https://m.media-amazon.com/images/M/MV5BYTViNzMxZjEtZGEwNy00MDNiLWIzNGQtZDY2MjQ1OWViZjFmXkEyXkFqcGdeQXVyNzkwMjQ5NzM@.jpg,The Terminator,8.0,1984,721115,James Cameron,"['Arnold Schwarzenegger', 'Linda Hamilton']"
227,https://m.media-amazon.com/images/M/MV5BMzJiZDRmOWUtYjE2MS00Mjc1LTg1ZDYtNTQxYWJkZTg1OTM4XkEyXkFqcGdeQXVyNjUwNzk3NDc@.jpg,Gandhi,8.0,1982,205549,Richard Attenborough,"['Ben Kingsley', 'John Gielgud']"
228,https://m.media-amazon.com/images/M/MV5BZjZlZDlkYTktMmU1My00ZDBiLWFlNjEtYTBhNjVhOTM4ZjJjXkEyXkFqcGdeQXVyMTMxODk2OTU@.jpg,Donnie Darko,8.0,2001,691764,Richard Kelly,"['Jake Gyllenhaal', 'Jena Malone']"
229,https://m.media-amazon.com/images/M/MV5BMGJmNmU5OTAtOTQyYy00MmM3LTk4MzUtMGFiZDYzODdmMmU4XkEyXkFqcGdeQXVyNjU0OTQ0OTY@.jpg,Diabolique,8.0,1955,55917,Georges Clouzot,"['Simone Signoret', 'ra Clouzot']"
230,https://m.media-amazon.com/images/M/MV5BNDNiOTA5YjktY2Q0Ni00ODgzLWE5MWItNGExOWRlYjY2MjBlXkEyXkFqcGdeQXVyNjQ2MjQ5NzM@.jpg,La Haine,8.0,1995,130549,Mathieu Kassovitz,"['Vincent Cassel', 'Hubert Kound']"
231,https://m.media-amazon.com/images/M/MV5BN2NhZjk1ZGEtNzAxNy00ZWI4LWI5ZDItYTVmY2JmZDg2M2U4XkEyXkFqcGdeQXVyNTQ0NTUxOTA@.jpg,The Handmaiden,8.0,2016,75698,wook Park,"['hee Kim', 'woo Ha']"
232,https://m.media-amazon.com/images/M/MV5BYjZjODRlMjQtMjJlYy00ZDBjLTkyYTQtZGQxZTk5NzJhYmNmXkEyXkFqcGdeQXVyMTQxNzMzNDI@.jpg,In the Mood for Love,8.0,2000,103995,Wai Wong,"['Tony Chiu', 'Wai Leung', 'Maggie Cheung']"
233,https://m.media-amazon.com/images/M/MV5BZWIxNzM5YzQtY2FmMS00Yjc3LWI1ZjUtNGVjMjMzZTIxZTIxXkEyXkFqcGdeQXVyNjU0OTQ0OTY@.jpg,Groundhog Day,8.0,1993,535946,Harold Ramis,"['Bill Murray', 'Andie MacDowell']"
234,https://m.media-amazon.com/images/M/MV5BNjUyMTc4MDExMV5BMl5BanBnXkFtZTgwNDg0NDIwMjE@.jpg,The Wizard of Oz,8.0,1939,348782,Victor Fleming,"['Judy Garland', 'Frank Morgan']"
235,https://m.media-amazon.com/images/M/MV5BMTM5OTMyMjIxOV5BMl5BanBnXkFtZTcwNzU4MjIwNQ@@.jpg,The Help,8.0,2011,388638,Tate Taylor,"['Emma Stone', 'Viola Davis']"
236,https://m.media-amazon.com/images/M/MV5BMmVmODY1MzEtYTMwZC00MzNhLWFkNDMtZjAwM2EwODUxZTA5XkEyXkFqcGdeQXVyNTAyODkwOQ@@.jpg,Jaws,8.0,1975,504564,Steven Spielberg,"['Roy Scheider', 'Robert Shaw']"
237,https://m.media-amazon.com/images/M/MV5BZjllMDcyY2YtZDc5Zi00NDRlLThkZmItMTJhOWZmYjM0NmQyXkEyXkFqcGdeQXVyNTc1NDM0NDU@.jpg,The Nights of Cabiria,8.0,1957,38262,Federico Fellini,['Giulietta Masina']
238,https://m.media-amazon.com/images/M/MV5BMTQ1MjAwNTM5Ml5BMl5BanBnXkFtZTYwNDM0MTc3.jpg,Before Sunset,8.0,2004,205391,Richard Linklater,"['Ethan Hawke', 'Julie Delpy']"
239,https://m.media-amazon.com/images/M/MV5BM2RjMmU3ZWItYzBlMy00ZmJkLWE5YzgtNTVkODdhOWM3NGZhXkEyXkFqcGdeQXVyNDA5Mjg5MjA@.jpg,"Paris, Texas",8.0,1984,73232,Wim Wenders,"['Harry Dean Stanton', 'Nastassja Kinski']"
240,https://m.media-amazon.com/images/M/MV5BNTg0NmI1ZGQtZTUxNC00NTgxLThjMDUtZmRlYmEzM2MwOWYwXkEyXkFqcGdeQXVyMzM4MjM0Nzg@.jpg,Castle in the Sky,8.0,1986,125954,Hayao Miyazaki,"['Anna Paquin', 'James Van Der']"
241,https://m.media-amazon.com/images/M/MV5BMTAwMjU5OTgxNjZeQTJeQWpwZ15BbWU4MDUxNDYxODEx.jpg,Guardians of the Galaxy,8.0,2014,921953,James Gunn,"['Chris Pratt', 'Vin Diesel']"
242,https://m.media-amazon.com/images/M/MV5BY2RmNTRjYzctODI4Ni00MzQyLWEyNTAtNjU0N2JkMTNhNjJkXkEyXkFqcGdeQXVyNjU0OTQ0OTY@.jpg,The Best Years of Our Lives,8.0,1946,52787,William Wyler,"['Myrna Loy', 'Dana Andrews']"
243,https://m.media-amazon.com/images/M/MV5BNGYyZGM5MGMtYTY2Ni00M2Y1LWIzNjQtYWUzM2VlNGVhMDNhXkEyXkFqcGdeQXVyMTMxODk2OTU@.jpg,Pirates of the Caribbean: The Curse of the Black Pearl,8.0,2003,955428,Gore Verbinski,"['Johnny Depp', 'Geoffrey Rush']"
244,https://m.media-amazon.com/images/M/MV5BMzE5MDM1NDktY2I0OC00YWI5LTk2NzUtYjczNDczOWQxYjM0XkEyXkFqcGdeQXVyMTQxNzMzNDI@.jpg,Beauty and the Beast,8.0,1991,384457,Gary Trousdale,['Robby Benson']
245,https://m.media-amazon.com/images/M/MV5BMTQ2MDMwNjEwNV5BMl5BanBnXkFtZTgwOTkxMzI0MzE@.jpg,Song of the Sea,8.0,2014,43143,Tomm Moore,"['David Rawle', 'Brendan Gleeson']"
246,https://m.media-amazon.com/images/M/MV5BYTg1MmNiMjItMmY4Yy00ZDQ3LThjMzYtZGQ0ZTQzNTdkMGQ1L2ltYWdlL2ltYWdlXkEyXkFqcGdeQXVyMTQxNzMzNDI@.jpg,Three Colors: Red,8.0,1994,78849,Krzysztof Kieslowski,"['ne Jacob', 'Louis Trintignant']"
247,https://m.media-amazon.com/images/M/MV5BYjhmMGMxZDYtMTkyNy00YWVmLTgyYmUtYTU3ZjcwNTBjN2I1XkEyXkFqcGdeQXVyNzkwMjQ5NzM@.jpg,The Exorcist,8.0,1973,328652,William Friedkin,"['Ellen Burstyn', 'Max von Sydow']"
248,https://m.media-amazon.com/images/M/MV5BMTYzOTE2NjkxN15BMl5BanBnXkFtZTgwMDgzMTg0MzE@.jpg,PK,8.0,2014,135027,Rajkumar Hirani,"['Aamir Khan', 'Anushka Sharma']"
249,https://m.media-amazon.com/images/M/MV5BM2ZiZTk1ODgtMTZkNS00NTYxLWIxZTUtNWExZGYwZTRjODViXkEyXkFqcGdeQXVyMTE2MzA3MDM@.jpg,Akira,8.0,1988,136844,Mitsuo Iwata,['Nozomu Sasaki']
250,https://m.media-amazon.com/images/M/MV5BMzljMjBhODItYTYyYi00NzMwLTkyZDQtNjQ4MWU0MzhmNDU4XkEyXkFqcGdeQXVyMTA0MjU0Ng@@.jpg,Dog Day Afternoon,8.0,1975,216190,Sidney Lumet,"['Al Pacino', 'John Cazale']"
